{
    "loss": 0.4759563207626343,
    "accuracy": 0.7528089880943298
}