{
    "loss": 0.21169988811016083,
    "accuracy": 0.9097222089767456
}