{
    "loss": 0.20985452830791473,
    "accuracy": 0.9305555820465088
}